"","session_id","participant_id","status","started_datetime","completed_date_time","time_taken","age","num_approvals","num_rejections","prolific_score","reviewed_at_datetime","entered_code","Country.of.Birth","Current.Country.of.Residence","Employment.Status","First.Language","Nationality","Sex","Student.Status"
"1","60eddeb47d7f4567fc9e5283","601932869840a20268369a6f","APPROVED","2021-07-13 18:43:04.624000","2021-07-13 18:50:44.959000",460.335,22,20,1,98,"2021-07-14 10:51:17.982000","89221FCB","Poland","Poland","DATA EXPIRED","Polish","Poland","Male","DATA EXPIRED"
"2","60ede2186b1efe40c7f3c80e","5e8cad3983d0c80526afc101","APPROVED","2021-07-13 18:57:28.343000","2021-07-13 19:04:41.055000",432.712,18,87,2,99,"2021-07-14 10:51:16.453000","89221FCB","Poland","Poland","DATA EXPIRED","Polish","Poland","Male","DATA EXPIRED"
"3","60ede27be4329ef90aec1bf5","60edc5413f27692d6f988b35","APPROVED","2021-07-13 18:59:12.419000","2021-07-13 19:07:00.451000",468.032,22,6,0,100,"2021-07-14 10:51:14.723000","89221FCB","Poland","Poland","DATA EXPIRED","Polish","Poland","Female","DATA EXPIRED"
"4","60ede34daba779027751d565","5d03903f49c5dd00195ebc71","APPROVED","2021-07-13 19:02:39.664000","2021-07-13 19:11:45.164000",545.5,22,27,0,100,"2021-07-14 10:51:12.959000","89221FCB","Poland","Poland","DATA EXPIRED","Polish","Poland","Male","DATA EXPIRED"
"5","60ede371d734d3c9fd8d7691","60edbdf42216cc299770590c","APPROVED","2021-07-13 19:05:14.666000","2021-07-13 19:13:22.728000",488.062,22,28,1,97,"2021-07-14 10:50:59.779000","89221FCB","Poland","Poland","DATA EXPIRED","Polish","Poland","Male","DATA EXPIRED"
"6","60ede39ab32658e2694405a7","5d4a7ebbb7802400186c6b85","RETURNED","2021-07-13 19:03:58.857000","",20023437.552739,28,70,0,100,"","","CONSENT REVOKED","CONSENT REVOKED","CONSENT REVOKED","CONSENT REVOKED","CONSENT REVOKED","CONSENT REVOKED","CONSENT REVOKED"
"7","60ede3a46518486a1a1f995f","60e96b12a9bf38cf4eb19c56","APPROVED","2021-07-13 19:04:08.791000","2021-07-13 19:22:33.625000",1104.834,19,50,1,100,"2021-07-14 10:55:20.226000","89221FCB","Poland","Poland","Other","Polish","Poland","Female","Yes"
"8","60ede4135fa4234b47dd0b54","5f1d7a21e7033b0008245fb8","APPROVED","2021-07-13 19:06:07.746000","2021-07-13 19:14:20.281000",492.535,23,78,0,100,"2021-07-14 10:50:58.161000","89221FCB","Poland","Poland","Part-Time","Polish","Poland","Female","DATA EXPIRED"
"9","60ede440630b1f96a36d4d91","60edab8a3f60c5904187ffc4","APPROVED","2021-07-13 19:06:49.435000","2021-07-13 19:15:59.713000",550.278,33,106,1,100,"2021-07-14 10:50:56.839000","89221FCB","Poland","Poland","Full-Time","Polish","Poland","Male","No"
"10","60ede45261090ce7139a7565","600af03c0d68920aa2d0b911","RETURNED","2021-07-13 19:06:58.166000","",20023258.317519,NA,55,0,100,"","","CONSENT REVOKED","CONSENT REVOKED","CONSENT REVOKED","CONSENT REVOKED","CONSENT REVOKED","CONSENT REVOKED","CONSENT REVOKED"
"11","60ede48b3029e8999678b2c2","60ec2aba86b94ae9beed8ae0","RETURNED","2021-07-13 19:08:31.887000","",20023164.635791,20,19,1,98,"","","CONSENT REVOKED","CONSENT REVOKED","CONSENT REVOKED","CONSENT REVOKED","CONSENT REVOKED","CONSENT REVOKED","CONSENT REVOKED"
"12","60ede4a7087668ff6201e9e9","60ec2a3c77245c91cd44b93a","APPROVED","2021-07-13 19:08:29.067000","2021-07-13 19:17:35.755000",546.688,19,17,0,100,"2021-07-14 10:50:53.952000","89221FCB","Poland","Poland","DATA EXPIRED","Polish","Poland","Female","DATA EXPIRED"
"13","60ede4e8e6f70b1504e6b5ad","5fcca076e2e6deaf9f1055d7","APPROVED","2021-07-13 19:09:38.414000","2021-07-13 19:17:40.857000",482.443,22,87,0,100,"2021-07-14 10:50:51.795000","89221FCB","Poland","Poland","DATA EXPIRED","Polish","Poland","Male","DATA EXPIRED"
"14","60ede5cfab195ed380c4f49d","5f007d8ecc8d3218609846e3","APPROVED","2021-07-13 19:13:29.013000","2021-07-13 19:23:12.186000",583.173,20,80,1,100,"2021-07-14 10:50:48.877000","89221FCB","Poland","Poland","DATA EXPIRED","Polish","Poland","Male","DATA EXPIRED"
"15","60ede61f478f54f5953c3432","60eb3a63af3081b0c2dc7fe1","APPROVED","2021-07-13 19:14:39.137000","2021-07-13 19:25:32.963000",653.826,NA,45,2,92,"2021-07-14 10:50:46.495000","89221FCB","","","","","","",""
"16","60ede658af4200fe0c50f644","5f8a16cef7cc390b953ee24a","APPROVED","2021-07-13 19:18:15.484000","2021-07-13 19:26:22.503000",487.019,23,11,1,98,"2021-07-14 10:50:44.387000","89221FCB","Poland","Poland","DATA EXPIRED","Polish","Poland","Female","DATA EXPIRED"
"17","60ede743fb0c5870fac020e6","5ecba475289654012fb25405","APPROVED","2021-07-13 19:19:31.555000","2021-07-13 19:27:03.333000",451.778,21,121,0,100,"2021-07-14 10:50:42.245000","89221FCB","Poland","Poland","DATA EXPIRED","Polish","Poland","Male","DATA EXPIRED"
"18","60ede75a4bac6e1c3ea11b12","60e2d5dcca60e8043355c326","APPROVED","2021-07-13 19:21:46.141000","2021-07-13 19:30:19.546000",513.405,24,18,0,100,"2021-07-14 10:50:36.517000","89221FCB","Poland","Poland","DATA EXPIRED","Polish","Poland","Male","DATA EXPIRED"
"19","60ede7b64b32b8c5ead7024b","5f502659e156d519cef558b7","APPROVED","2021-07-13 19:21:28.195000","2021-07-13 19:28:59.203000",451.008,25,69,1,100,"2021-07-14 10:50:37.917000","89221FCB","Poland","Poland","Full-Time","Polish","Poland","Male","Yes"
"20","60ede809c55c20183568ddca","603827f465fbaa1d6a69de57","TIMED-OUT","2021-07-13 19:22:53.127000","",20022303.570462,20,92,2,99,"","","Poland","United Kingdom","DATA EXPIRED","Polish","United Kingdom","Female","DATA EXPIRED"
"21","60ede84081c0567442486b9b","5f8b37843ad42e0fea9f14c0","APPROVED","2021-07-13 19:23:44.459000","2021-07-13 19:31:24.528000",460.069,22,80,0,100,"2021-07-14 10:50:31.531000","89221FCB","Poland","Poland","Part-Time","Polish","Poland","Female","Yes"
"22","60ede86077011f5f46e619d3","5f832c1efcce9447bcbb28de","APPROVED","2021-07-13 19:24:16.407000","2021-07-13 19:32:54.552000",518.145,23,55,3,97,"2021-07-14 10:50:29.370000","89221FCB","Poland","Poland","DATA EXPIRED","Polish","Poland","Male","DATA EXPIRED"
"23","60ede864ab195ed380c4f4b2","5e922071b5eae9072f93146c","APPROVED","2021-07-13 19:24:24.647000","2021-07-13 19:33:31.980000",547.333,20,156,1,100,"2021-07-14 10:50:24.515000","89221FCB","Poland","Poland","Other","Polish","Poland","Male","Yes"
"24","60ede8aa5a3c373e6780ceb6","5c35db59aa03c3000163d24a","APPROVED","2021-07-13 19:25:33.458000","2021-07-13 19:34:49.744000",556.286,61,74,0,100,"2021-07-14 10:50:20.225000","89221FCB","Poland","Poland","DATA EXPIRED","Polish","Poland","Male","DATA EXPIRED"
"25","60ede8cd83ae0c94b804503c","5f6e6336133bba398bb360b5","APPROVED","2021-07-13 19:26:05.949000","2021-07-13 19:35:08.772000",542.823,25,63,0,100,"2021-07-14 10:50:17.956000","89221FCB","Poland","Ireland","DATA EXPIRED","Polish","Poland","Female","DATA EXPIRED"
"26","60ede8daf799767ecf87ee5f","60e3029ab54bc58254e23a34","APPROVED","2021-07-13 19:26:35.465000","2021-07-13 19:34:11.527000",456.062,20,51,1,99,"2021-07-14 10:50:15.687000","89221FCB","Poland","United Kingdom","DATA EXPIRED","Polish","Poland","Female","DATA EXPIRED"
"27","60ede9407a9f1d380fbbbd87","60e83d685665b6867ad7c907","APPROVED","2021-07-13 19:28:03.095000","2021-07-13 19:36:51.888000",528.793,19,43,0,100,"2021-07-14 10:50:14.166000","89221FCB","Poland","Poland","Full-Time","Polish","Poland","Female","DATA EXPIRED"
"28","60edea0c5a145368c80b7945","60042831f0b701235f13a2b7","APPROVED","2021-07-13 19:31:28.779000","2021-07-13 19:41:58.647000",629.868,24,43,0,100,"2021-07-14 10:50:12.259000","89221FCB","Poland","United Kingdom","DATA EXPIRED","Polish","Poland","Female","DATA EXPIRED"
"29","60edea32ed4bdc9ddfe24569","603399f5ea514c052a6a2220","APPROVED","2021-07-13 19:32:02.034000","2021-07-13 19:41:21.218000",559.184,19,45,0,100,"2021-07-14 10:50:09.903000","89221FCB","Poland","Poland","Other","Polish","Poland","Male","Yes"
"30","60edea5cb94875a95fd740cc","603139beaa64bc05508a9f3d","RETURNED","2021-07-13 19:32:46.390000","",20021710.474007,21,40,0,100,"","","CONSENT REVOKED","CONSENT REVOKED","CONSENT REVOKED","CONSENT REVOKED","CONSENT REVOKED","CONSENT REVOKED","CONSENT REVOKED"
"31","60edea793638800b1b47b233","605b98c83da1ded576bcf096","APPROVED","2021-07-13 19:33:13.281000","2021-07-13 19:41:14.632000",481.351,19,73,1,100,"2021-07-14 10:50:07.523000","89221FCB","Poland","Poland","DATA EXPIRED","Polish","Poland","Female","DATA EXPIRED"
"32","60edead384545ffd229b9d66","60bbb94b1a0f3a4a5fd8cb75","APPROVED","2021-07-13 19:34:46.719000","2021-07-13 20:14:54.639000",2407.92,26,30,0,100,"2021-07-15 11:14:32.713000","89221FCB","Poland","Poland","DATA EXPIRED","Polish","Poland","Male","DATA EXPIRED"
"33","60edeadddd1af44bcadb9f16","60ec1eca30581c200a01370c","APPROVED","2021-07-13 19:36:04.897000","2021-07-13 19:45:03.479000",538.582,27,18,0,100,"2021-07-14 10:49:55.583000","89221FCB","Poland","Poland","DATA EXPIRED","Polish","Poland","Male","DATA EXPIRED"
"34","60edeb57c782a5706071b40b","5d87c32970975d00159dd84c","APPROVED","2021-07-13 19:36:55.031000","2021-07-13 19:44:06.551000",431.52,21,184,2,100,"2021-07-14 10:49:53.684000","89221FCB","Poland","Poland","DATA EXPIRED","Polish","Poland","Female","DATA EXPIRED"
"35","60edeb6dbf103288f2e57bc6","60d23f408cd2fe8c8d46a3ec","APPROVED","2021-07-13 19:37:19.532000","2021-07-13 19:45:55.699000",516.167,21,66,0,100,"2021-07-14 10:49:51.615000","89221FCB","Poland","Poland","Unemployed (and job seeking)","Polish","Poland","Male","Yes"
"36","60edeb8431d6430901ffad0d","6021b0d5d7628f209d19a8ca","APPROVED","2021-07-13 19:38:37.583000","2021-07-13 19:46:46.356000",488.773,22,20,0,100,"2021-07-14 10:49:38.674000","89221FCB","Poland","Poland","DATA EXPIRED","Polish","Poland","Male","DATA EXPIRED"
"37","60edeb9383ae0c94b8045071","604c68a83dc86fe66d0412dc","RETURNED","2021-07-13 19:37:55.586000","",20021401.404512,20,38,0,100,"","","CONSENT REVOKED","CONSENT REVOKED","CONSENT REVOKED","CONSENT REVOKED","CONSENT REVOKED","CONSENT REVOKED","CONSENT REVOKED"
"38","60edeb99d4a29ca5d5ec389a","5ed02bdfa4c4ff0ee7279e0a","RETURNED","2021-07-13 19:38:03.989000","",20021393.017328,30,121,5,96,"","","CONSENT REVOKED","CONSENT REVOKED","CONSENT REVOKED","CONSENT REVOKED","CONSENT REVOKED","CONSENT REVOKED","CONSENT REVOKED"
"39","60edebb87c845a5856d5bf9f","5f19dfd666d72d092db69ed6","APPROVED","2021-07-13 19:38:32.911000","2021-07-13 19:47:37.202000",544.291,24,101,0,100,"2021-07-14 10:49:41.149000","89221FCB","Poland","Poland","DATA EXPIRED","Polish","Poland","Male","DATA EXPIRED"
"40","60edebc033011c0ccdfbb8d7","60e7256b91175aa3989aef79","APPROVED","2021-07-13 19:39:07.486000","2021-07-13 19:48:24.986000",557.5,21,22,0,100,"2021-07-14 10:49:36.310000","89221FCB","Poland","Poland","Part-Time","Polish","Poland","Male","Yes"
"41","60edebca371ddf148745d314","60ec9e86f46f8c4d12a73abb","APPROVED","2021-07-13 19:39:08.951000","2021-07-13 19:47:24.678000",495.727,27,41,0,100,"2021-07-14 10:49:34.056000","89221FCB","Poland","Poland","Full-Time","Polish","Poland","Male","Yes"
"42","60edebdf7f77d6cca424f79c","60ec969b09a3b53f4c7f9ab9","APPROVED","2021-07-13 19:39:12.748000","2021-07-13 19:47:52.615000",519.867,25,18,0,100,"2021-07-14 10:49:32.417000","89221FCB","Poland","Poland","DATA EXPIRED","Polish","Poland","Female","DATA EXPIRED"
"43","60edebe5a7394740181f75fb","5ff7387e16269f382942e0be","APPROVED","2021-07-13 19:39:35.274000","2021-07-13 19:49:15.718000",580.444,22,56,0,100,"2021-07-14 10:49:30.415000","89221FCB","Poland","Poland","DATA EXPIRED","Polish","Poland","Female","DATA EXPIRED"
"44","60edec2755239d4ce24c983e","5de62d28d82800000b7f2913","APPROVED","2021-07-13 19:40:33.540000","2021-07-13 19:49:40.451000",546.911,25,187,1,100,"2021-07-14 10:49:28.361000","89221FCB","Poland","Poland","DATA EXPIRED","Polish","Poland","Male","DATA EXPIRED"
"45","60edec341bf969f0e6a1a475","60ecd43deba8bb8c58c17546","RETURNED","2021-07-13 19:40:43.904000","",20021233.227127,19,10,0,100,"","","CONSENT REVOKED","CONSENT REVOKED","CONSENT REVOKED","CONSENT REVOKED","CONSENT REVOKED","CONSENT REVOKED","CONSENT REVOKED"
"46","60edec5409147c772b0e2012","5f18dd28171ea111b17a71f7","APPROVED","2021-07-13 19:41:08.916000","2021-07-13 19:51:08.801000",599.885,28,65,0,100,"2021-07-14 10:49:24.684000","89221FCB","Poland","Poland","DATA EXPIRED","Polish","Poland","Male","DATA EXPIRED"
"47","60edec62bd7b8fc9214c50f9","5c53a7c6035fc4000159cc99","APPROVED","2021-07-13 19:41:22.033000","2021-07-13 19:49:18.893000",476.86,22,69,1,100,"2021-07-14 10:49:21.767000","89221FCB","Poland","Poland","Unemployed (and job seeking)","Polish","Poland","Male","No"
"48","60edec909a710449d29fe226","5f096f8e95f9771fe09fe2d3","APPROVED","2021-07-13 19:42:36.565000","2021-07-13 19:51:22.466000",525.901,50,116,3,98,"2021-07-14 10:49:20.094000","89221FCB","Poland","Poland","DATA EXPIRED","Polish","Poland","Female","DATA EXPIRED"
"49","60edecb147867772ef1e3886","5ce2f5a44c6a04001cbcc397","APPROVED","2021-07-13 19:42:43.311000","2021-07-13 19:57:19.273000",875.962,39,325,5,97,"2021-07-14 10:49:18.535000","89221FCB","Latvia","United Kingdom","Full-Time","Polish","Latvia","Female","DATA EXPIRED"
"50","60edecd83bff2d5ba3d65b6b","5eb9473944ccc1016e0b463f","APPROVED","2021-07-13 19:43:20.406000","2021-07-13 19:52:01.414000",521.008,21,63,2,98,"2021-07-14 10:49:16.470000","89221FCB","Poland","Poland","Due to start a new job within the next month","Polish","Poland","Male","Yes"
"51","60edece63038eb9598216c16","60e968d747d3f0e3424f4f6c","APPROVED","2021-07-13 19:43:34.799000","2021-07-13 19:54:58.272000",683.473,32,22,0,100,"2021-07-14 10:49:13.550000","89221FCB","Poland","Poland","DATA EXPIRED","Polish","Poland","Female","DATA EXPIRED"
"52","60edecf2dfeb26f2a00b448e","5bad37d57d443700016cf598","APPROVED","2021-07-13 19:43:46.540000","2021-07-13 20:01:56.798000",1090.258,35,182,4,98,"2021-07-14 10:54:59.925000","89221FCB","Poland","Poland","DATA EXPIRED","Polish","Poland","Male","DATA EXPIRED"
"53","60eded60c3fc6d6e37206c15","5faa48e0c7f605322c0d7e11","APPROVED","2021-07-13 19:45:36.237000","2021-07-13 19:54:45.771000",549.534,21,92,0,100,"2021-07-14 10:48:53.478000","89221FCB","Poland","Poland","DATA EXPIRED","Polish","Poland","Female","DATA EXPIRED"
"54","60eded6fca40cb57266f00c7","6059c26c31a2519a4d3e82c0","APPROVED","2021-07-13 19:46:46.551000","2021-07-13 19:55:41.563000",535.012,24,57,0,100,"2021-07-14 10:48:50.779000","89221FCB","Poland","Poland","Not in paid work (e.g. homemaker', 'retired or disabled)","Polish","Poland","Female","Yes"
"55","60eded8c77206cf33e38a171","60dc5928fb0c2d09a475c9a0","APPROVED","2021-07-13 19:49:11.627000","2021-07-13 19:57:27.847000",496.22,19,20,1,96,"2021-07-14 10:48:29.074000","89221FCB","Poland","Poland","Part-Time","Polish","Poland","Female","Yes"
"56","60ededadf00589daf5b92553","600e0d9149a93a682712a6f4","APPROVED","2021-07-13 19:46:53.412000","2021-07-13 19:54:02.310000",428.898,20,51,3,96,"2021-07-14 10:48:58.202000","89221FCB","Poland","Poland","Unemployed (and job seeking)","Polish","Poland","Male","DATA EXPIRED"
"57","60ededcdd8cca53c4761fb31","5d0d3c6c9193b80019e7f639","APPROVED","2021-07-13 19:47:28.037000","2021-07-13 19:56:38.393000",550.356,32,152,1,100,"2021-07-14 10:48:46.122000","89221FCB","Poland","Spain","Full-Time","Polish","Poland","Female","No"
"58","60ededd7a85ae57505b41553","5f979d85f973911610677cd2","APPROVED","2021-07-13 19:47:35.332000","2021-07-13 19:58:24.041000",648.709,22,52,1,100,"2021-07-14 10:48:42.459000","89221FCB","Poland","Poland","DATA EXPIRED","Polish","Poland","Male","DATA EXPIRED"
"59","60ededf3cfb52379262775f0","5f4e7c5027d2a00631b19618","APPROVED","2021-07-13 19:48:38.260000","2021-07-13 19:56:57.930000",499.67,25,141,1,100,"2021-07-14 10:48:31.559000","89221FCB","Poland","Poland","Full-Time","Polish","Poland","Male","Yes"
"60","60ededf45940c10b3505e5b6","5f3111dc9458a404e159ed1c","APPROVED","2021-07-13 19:48:04.220000","2021-07-13 19:57:10.806000",546.586,24,59,1,97,"2021-07-14 10:48:37.807000","89221FCB","Poland","Poland","Other","Polish","Poland","Male","No"
"61","60edee0a748825db5c8b69d2","60e6f40a0e1467233ddce325","APPROVED","2021-07-13 19:48:26.895000","2021-07-13 19:57:28.815000",541.92,21,60,0,100,"2021-07-14 10:48:34.282000","89221FCB","Poland","Poland","DATA EXPIRED","Polish","Poland","Female","No"
"62","60edee2d1bfcc7bf17907589","60eabc911fae7b77f861eaf5","APPROVED","2021-07-13 19:49:20.754000","2021-07-13 19:57:39.084000",498.33,46,29,0,100,"2021-07-14 10:48:26.293000","89221FCB","Poland","Poland","DATA EXPIRED","Polish","Poland","Male","DATA EXPIRED"
"63","60edee48a86eb1a09e0f7bc0","5f5fcdeeb83c880812a2d804","APPROVED","2021-07-13 19:49:28.005000","2021-07-13 20:00:02.854000",634.849,19,98,0,100,"2021-07-14 10:48:23.629000","89221FCB","Poland","Poland","DATA EXPIRED","Polish","Poland","Male","DATA EXPIRED"
"64","60edee5647867772ef1e38a1","5cc58a0fa6e5a400014ea1fe","APPROVED","2021-07-13 19:49:45.221000","2021-07-13 19:56:26.089000",400.868,24,200,5,96,"2021-07-19 19:25:59.431000","89221FCB","Poland","Poland","Part-Time","Polish","Poland","Female","No"
"65","60edee5d3678b00322f343ce","5f91f00bfb9afc0e72142aac","APPROVED","2021-07-13 19:49:49.325000","2021-07-13 19:57:02.353000",433.028,31,146,1,100,"2021-07-14 10:48:18.673000","89221FCB","Poland","Poland","Full-Time","Polish","Poland","Male","No"
"66","60edee7544681fa0a1189361","5d47d84a4555540001a4ae83","APPROVED","2021-07-13 19:51:19.448000","2021-07-13 20:01:02.031000",582.583,25,229,2,100,"2021-07-14 10:48:03.602000","89221FCB","Poland","Poland","DATA EXPIRED","Polish","Poland","Male","DATA EXPIRED"
"67","60edee878b06a209ff64e79a","5e977e87c776ee23d4ee5858","APPROVED","2021-07-13 19:51:01.263000","2021-07-13 19:59:40.798000",519.535,21,61,0,100,"2021-07-14 10:48:07.849000","89221FCB","Poland","Germany","DATA EXPIRED","Polish","Poland","Male","DATA EXPIRED"
"68","60edee8989e46a0fc67a28c8","60d998951d34faf31fa0f85d","APPROVED","2021-07-13 19:50:33.701000","2021-07-13 20:00:14.147000",580.446,23,36,1,100,"2021-07-14 10:48:12.326000","89221FCB","Poland","Poland","DATA EXPIRED","Polish","Poland","Male","DATA EXPIRED"
"69","60edeec75e9fe3d329f03d55","5d1dbd7cba5479001656ba2d","APPROVED","2021-07-13 19:51:35.189000","2021-07-13 19:59:56.963000",501.774,31,141,0,100,"2021-07-14 10:48:00.177000","89221FCB","Poland","Poland","Full-Time","Polish","Poland","Female","No"
"70","60edeee6bb3fb825854eba2c","6007acfc66ec422d16ca8992","APPROVED","2021-07-13 19:54:45.326000","2021-07-13 20:05:11.903000",626.577,20,71,0,100,"2021-07-14 10:47:20.300000","89221FCB","Poland","Poland","DATA EXPIRED","Polish","Poland","Male","DATA EXPIRED"
"71","60edeee7dd50b55a5f45a370","5d1751e2ede7260018ea70fb","APPROVED","2021-07-13 19:52:07.161000","2021-07-13 20:18:32.370000",1585.209,21,159,4,98,"2021-07-14 12:04:02.268000","89221FCB","Poland","Poland","Part-Time","Polish","Poland","Male","Yes"
"72","60edeef335f36c5acbadd63c","5fc50ebcfb5e8f0ba8c0ece8","APPROVED","2021-07-13 19:52:22.041000","2021-07-13 20:01:13.264000",531.223,21,49,1,100,"2021-07-14 10:47:48.181000","89221FCB","Poland","Poland","DATA EXPIRED","Polish","Poland","Male","DATA EXPIRED"
"73","60edef0046ddd9a8f4e7a708","60dc87cce4118cdaaa8a3f86","APPROVED","2021-07-13 19:58:25.483000","2021-07-13 20:08:01.136000",575.653,40,27,0,100,"2021-07-14 10:46:09.838000","89221FCB","Poland","Poland","Unemployed (and job seeking)","Polish","Poland","Female","No"
"74","60edef07b6c2df3626e7beed","60e9af25803b556d62efa3ca","APPROVED","2021-07-13 19:53:10.687000","2021-07-13 20:01:45.963000",515.276,20,35,0,100,"2021-07-14 10:47:43.763000","89221FCB","Poland","Poland","Other","Polish","Poland","Male","Yes"
"75","60edef3e6268e2997aa02a06","5ee9c99d4b37e300082613e6","APPROVED","2021-07-13 19:53:34.808000","2021-07-13 20:02:38.304000",543.496,23,83,0,100,"2021-07-14 10:47:41.181000","89221FCB","Poland","Poland","Part-Time","Polish","Poland","Male","Yes"
"76","60edef3eee977e4d5a263b78","6066e7e5642c6520dabcdb5b","APPROVED","2021-07-13 19:53:53.346000","2021-07-13 20:10:24.951000",991.605,21,43,0,100,"2021-07-14 10:47:38.189000","89221FCB","Poland","Poland","DATA EXPIRED","Polish","Poland","Male","DATA EXPIRED"
"77","60edef3fb3241c86dc584c74","5fc4cbf9ce54980bb4ed82d8","APPROVED","2021-07-13 19:54:20.447000","2021-07-13 20:01:55.841000",455.394,24,51,0,100,"2021-07-14 10:47:27.834000","89221FCB","Poland","Poland","DATA EXPIRED","Polish","Poland","Male","DATA EXPIRED"
"78","60edef536f6d5f4ca99c674b","60d4d4f6c31ab304dabafc09","APPROVED","2021-07-13 19:54:57.198000","2021-07-13 20:03:53.366000",536.168,26,69,0,100,"2021-07-14 10:47:11.122000","89221FCB","Poland","Poland","DATA EXPIRED","Polish","Poland","Male","DATA EXPIRED"
"79","60edef71a9b4fa49b7f1f7ae","5f33bbbd5a7f7d1e2fc19a3a","APPROVED","2021-07-13 19:54:31.562000","2021-07-13 20:09:44.799000",913.237,33,109,0,100,"2021-07-14 10:47:24.052000","89221FCB","Poland","Poland","DATA EXPIRED","Polish","Poland","Male","DATA EXPIRED"
"80","60edef9466dcf60e3c9c1350","60856fae3f57d18adafd3838","APPROVED","2021-07-13 19:55:00.196000","2021-07-13 20:03:29.489000",509.293,19,42,1,100,"2021-07-14 10:47:08.994000","89221FCB","Poland","Poland","Unemployed (and job seeking)","Polish","Poland","Male","Yes"
"81","60edef9c1c8eacaa4345fe69","5f9703fb588a4d05da750510","APPROVED","2021-07-13 19:55:08.744000","2021-07-13 20:07:26.172000",737.428,21,77,1,100,"2021-07-14 10:47:05.600000","89221FCB","Poland","Poland","Part-Time","Polish","Poland","Male","Yes"
"82","60edefcf2665860bc5b219a8","60e87b8116728712670ea8e7","APPROVED","2021-07-13 19:57:50.877000","2021-07-13 20:05:15.563000",444.686,27,24,0,100,"2021-07-14 10:46:16.565000","89221FCB","Poland","Poland","Full-Time","Polish","Poland","Female","No"
"83","60edefdbfec4daef84578eac","60ec2827fd1b1477d55ce969","APPROVED","2021-07-13 19:56:42.452000","2021-07-13 20:56:14.067000",3571.615,19,55,1,100,"2021-07-19 19:25:57.349000","89221FCB","Poland","Poland","Unemployed (and job seeking)","Polish","Poland","Female","Yes"
"84","60edefdd46ddd9a8f4e7a716","5bc623acd2bea100010c808e","APPROVED","2021-07-13 19:57:43.341000","2021-07-13 20:04:28.773000",405.432,28,303,1,100,"2021-07-19 19:25:54.539000","89221FCB","Poland","Poland","Unemployed (and job seeking)","Polish","Poland","Male","DATA EXPIRED"
"85","60edeffbcdb781f7ada5fba3","602bd71f0c9b4a3976391c50","APPROVED","2021-07-13 19:58:11.797000","2021-07-13 20:07:04.229000",532.432,20,28,0,100,"2021-07-14 10:46:14.388000","89221FCB","Poland","Poland","Other","Polish","Poland","Male","Yes"
"86","60edf01746ddd9a8f4e7a71c","605b4d0e89f870e108c5daa3","APPROVED","2021-07-13 19:57:11.217000","2021-07-13 20:16:56.643000",1185.426,19,52,0,100,"2021-07-14 10:54:41.538000","89221FCB","Poland","Poland","Not in paid work (e.g. homemaker', 'retired or disabled)","Polish","Poland","Male","Yes"
"87","60edf021ad91ad0abf94715b","5f1d68503e85b268dcfb91fd","APPROVED","2021-07-13 19:57:23.437000","2021-07-13 20:06:29.394000",545.957,21,39,1,99,"2021-07-14 10:46:24.905000","89221FCB","Poland","Poland","DATA EXPIRED","Polish","Poland","Female","DATA EXPIRED"
"88","60edf0383cca668d75eb5e0f","60eadd82b27b89f0e58c1f5c","RETURNED","2021-07-13 19:58:03.012000","",20020194.914861,41,279,1,100,"","","CONSENT REVOKED","CONSENT REVOKED","CONSENT REVOKED","CONSENT REVOKED","CONSENT REVOKED","CONSENT REVOKED","CONSENT REVOKED"
"89","60edf05706fbe5ab1026954e","5f6774e25794e635f7e836ae","APPROVED","2021-07-13 19:58:18.930000","2021-07-13 20:06:32.980000",494.05,22,173,1,100,"2021-07-14 10:46:12.413000","89221FCB","Poland","Poland","Unemployed (and job seeking)","Polish","Poland","Male","Yes"
"90","60edf0631fa92529984c7687","60be78fa7897a0dfc5004beb","RETURNED","2021-07-13 20:08:27.946000","",20019570.017318,26,9,2,90,"","","CONSENT REVOKED","CONSENT REVOKED","CONSENT REVOKED","CONSENT REVOKED","CONSENT REVOKED","CONSENT REVOKED","CONSENT REVOKED"
"91","60edf0638aad01e4b52b6a00","5f241d9e2899d60008642137","TIMED-OUT","2021-07-13 19:58:31.158000","",20020166.822517,20,118,0,100,"","","Poland","Poland","DATA EXPIRED","Polish","Poland","Male","Yes"
"92","60edf079f7bb1772ccea3f6c","5f04832a88d913093f1b8dc1","APPROVED","2021-07-13 20:05:10.915000","2021-07-13 20:13:26.519000",495.604,25,153,1,100,"2021-07-14 10:44:08.688000","89221FCB","Poland","Poland","Unemployed (and job seeking)","Polish","Poland","Male","DATA EXPIRED"
"93","60edf07a314c6ad0f9697f6e","5fca96fa32c26270d1a4f964","APPROVED","2021-07-13 19:59:12.377000","2021-07-13 20:08:00.720000",528.343,19,93,1,100,"2021-07-14 10:46:05.217000","89221FCB","Poland","Poland","Full-Time","Polish","Poland","Male","No"
"94","60edf0a8df004ddbc9297f78","5ebf3541fa0189324a7cf56b","APPROVED","2021-07-13 20:00:16.462000","2021-07-13 20:08:22.494000",486.032,24,196,2,99,"2021-07-14 10:45:53.693000","89221FCB","Poland","Poland","Other","Polish","Poland","Male","Yes"
"95","60edf0c86a8950337a5c2b42","60181267b7dae051afe72527","APPROVED","2021-07-13 20:00:08.641000","2021-07-13 20:08:52.541000",523.9,23,42,0,100,"2021-07-14 10:45:58.428000","89221FCB","Poland","Poland","DATA EXPIRED","Polish","Poland","Male","DATA EXPIRED"
"96","60edf0d45c28a315ad8056c2","5f1b26dbd5dc042c9aedb7a4","APPROVED","2021-07-13 20:00:34.102000","2021-07-13 20:18:27.235000",1073.133,20,119,0,100,"2021-07-14 10:54:33.625000","89221FCB","Poland","Poland","Other","Polish","Poland","Male","Yes"
"97","60edf0e23b2b838b063233e5","60e60b0d04cf1158efcac6ac","APPROVED","2021-07-13 20:01:22.580000","2021-07-13 20:15:23.919000",841.339,25,107,1,100,"2021-07-14 10:45:15.634000","89221FCB","Poland","Poland","DATA EXPIRED","Polish","Poland","Male","DATA EXPIRED"
"98","60edf0e48efe0014b3d7715b","5e8f75cd1baf78261f752cf4","RETURNED","2021-07-13 20:00:36.127000","2021-07-13 20:28:33.424000",1677.297,54,218,1,100,"","89221FCB","CONSENT REVOKED","CONSENT REVOKED","CONSENT REVOKED","CONSENT REVOKED","CONSENT REVOKED","CONSENT REVOKED","CONSENT REVOKED"
"99","60edf1123b2b838b063233ea","600759e6029455246eebb04b","RETURNED","2021-07-13 20:01:24.914000","",20019993.194618,19,33,0,100,"","","CONSENT REVOKED","CONSENT REVOKED","CONSENT REVOKED","CONSENT REVOKED","CONSENT REVOKED","CONSENT REVOKED","CONSENT REVOKED"
"100","60edf122bb3fb825854eba61","5c0e6a7a390d55000101923e","RETURNED","2021-07-13 20:01:56.948000","",20019961.177299,40,277,0,100,"","","CONSENT REVOKED","CONSENT REVOKED","CONSENT REVOKED","CONSENT REVOKED","CONSENT REVOKED","CONSENT REVOKED","CONSENT REVOKED"
"101","60edf1319b674231f52125b1","5eccf455d8fbb95121cc38cd","RETURNED","2021-07-13 20:03:04.529000","",20019893.611882,24,115,0,100,"","","CONSENT REVOKED","CONSENT REVOKED","CONSENT REVOKED","CONSENT REVOKED","CONSENT REVOKED","CONSENT REVOKED","CONSENT REVOKED"
"102","60edf1423888ffc7bb95f617","5c080166edbfb60001cf2f35","RETURNED","2021-07-13 20:02:14.088000","",20019944.069222,22,49,0,100,"","","CONSENT REVOKED","CONSENT REVOKED","CONSENT REVOKED","CONSENT REVOKED","CONSENT REVOKED","CONSENT REVOKED","CONSENT REVOKED"
"103","60edf1443b2b838b063233ee","5e33544f6d19d831e20e0e07","APPROVED","2021-07-13 20:02:12.951000","2021-07-13 20:19:34.363000",1041.412,20,138,0,100,"2021-07-14 10:54:28.256000","89221FCB","Poland","Poland","DATA EXPIRED","Polish","Poland","Male","Yes"
"104","60edf1494a6e907942273c3e","5ff37a7acb76979a5a4322a8","RETURNED","2021-07-13 20:13:00.065000","",20019298.127263,20,90,0,100,"","","CONSENT REVOKED","CONSENT REVOKED","CONSENT REVOKED","CONSENT REVOKED","CONSENT REVOKED","CONSENT REVOKED","CONSENT REVOKED"
"105","60edf14a2589f281add7417b","5f2ad19d48d8b13cba674fb0","RETURNED","2021-07-13 20:03:10.378000","",20019887.835336,19,155,1,100,"","","CONSENT REVOKED","CONSENT REVOKED","CONSENT REVOKED","CONSENT REVOKED","CONSENT REVOKED","CONSENT REVOKED","CONSENT REVOKED"
"106","60edf159fb509899abc66964","6093ea19c93f4bb0470b32ec","APPROVED","2021-07-13 20:02:33.869000","2021-07-13 20:15:15.557000",761.688,18,35,0,100,"2021-07-14 10:44:50.368000","89221FCB","Poland","Poland","DATA EXPIRED","Polish","Poland","Female","DATA EXPIRED"
"107","60edf15f1f771a852a26216b","5c169a5a1f6f15000149bf59","RETURNED","2021-07-13 20:03:00.589000","",20019897.661604,37,269,0,100,"","","CONSENT REVOKED","CONSENT REVOKED","CONSENT REVOKED","CONSENT REVOKED","CONSENT REVOKED","CONSENT REVOKED","CONSENT REVOKED"
"108","60edf16c4ab58a43952bd520","5fae721319e73f2ff0c6605a","APPROVED","2021-07-13 20:05:06.863000","2021-07-13 20:15:35.702000",628.839,20,101,0,100,"2021-07-14 10:44:13.737000","89221FCB","Poland","Poland","DATA EXPIRED","Polish","Poland","Male","DATA EXPIRED"
"109","60edf1718e88b5894b1e3f85","605df80f5710510d7a6d04dc","RETURNED","2021-07-13 20:02:58.830000","",20019899.453407,30,46,0,100,"","","CONSENT REVOKED","CONSENT REVOKED","CONSENT REVOKED","CONSENT REVOKED","CONSENT REVOKED","CONSENT REVOKED","CONSENT REVOKED"
"110","60edf17dadd03b1273b4f54c","5b7dc2be82c07c0001c1db4e","APPROVED","2021-07-13 20:14:00.058000","2021-07-14 11:01:08.877000",53228.819,25,376,10,96,"2021-07-14 11:01:08.987000","Manual Completion","Poland","Poland","Due to start a new job within the next month","Polish","Poland","Female","Yes"
"111","60edf1a860334723b23c94f1","5ffe38e367408f4cb1caec95","RETURNED","2021-07-13 20:03:52.370000","",20019845.943225,21,72,0,100,"","","CONSENT REVOKED","CONSENT REVOKED","CONSENT REVOKED","CONSENT REVOKED","CONSENT REVOKED","CONSENT REVOKED","CONSENT REVOKED"
"112","60edf1b66e1c9d84deb16e96","60a4130d2fd6801c2cf99897","TIMED-OUT","2021-07-13 20:04:13.629000","",20019824.701393,20,25,0,100,"","","Poland","Poland","DATA EXPIRED","Polish","Poland","Female","DATA EXPIRED"
"113","60edf1b7f2e4e3e4f90a838a","60bf87acf2da5a898c0247db","APPROVED","2021-07-13 20:04:07.855000","2021-07-13 20:14:27.865000",620.01,20,55,0,100,"2021-07-14 10:44:41.621000","89221FCB","Poland","Poland","Other","Polish","Poland","Female","Yes"
"114","60edf1c05d9a5f8f295776d7","60148fdb817de24cf99eb244","APPROVED","2021-07-13 20:09:28.901000","2021-07-13 20:18:18.704000",529.803,21,115,0,100,"2021-07-14 10:43:56.165000","89221FCB","Poland","Poland","Unemployed (and job seeking)","Polish","Poland","Male","DATA EXPIRED"
"115","60edf1c5b32aead756fe9cc1","5fbbde667818f3dc301f6647","RETURNED","2021-07-13 20:04:26.828000","",20019811.557622,25,101,0,100,"","","CONSENT REVOKED","CONSENT REVOKED","CONSENT REVOKED","CONSENT REVOKED","CONSENT REVOKED","CONSENT REVOKED","CONSENT REVOKED"
"116","60edf1e663eca1a851441315","5f9765e68112f6137e06db5d","APPROVED","2021-07-13 20:04:53.999000","2021-07-13 20:13:33.680000",519.681,21,153,0,100,"2021-07-14 10:44:20.689000","89221FCB","Poland","Poland","DATA EXPIRED","Polish","Poland","Female","DATA EXPIRED"
"117","60edf1eb11739cabcd7ce8be","60eb481fc8aad4fcf86861b5","APPROVED","2021-07-13 20:05:04.179000","2021-07-13 20:13:03.086000",478.907,23,29,1,99,"2021-07-14 10:44:18.076000","89221FCB","Poland","Poland","Unemployed (and job seeking)","Polish","Poland","Female","No"
"118","60edf3d91de7599158fad419","5e07e32c77f865153f3bfa02","APPROVED","2021-07-13 20:13:15.359000","2021-07-13 20:20:50.435000",455.076,26,51,1,100,"2021-07-14 10:43:49.908000","89221FCB","Poland","Poland","Full-Time","Polish","Poland","Male","No"
"119","60edf413f7d73cfac4b82df3","60e46849a6a53ab857bae26f","APPROVED","2021-07-13 20:14:17.729000","2021-07-13 20:24:25.282000",607.553,22,21,0,100,"2021-07-14 10:43:40.244000","89221FCB","Poland","Poland","DATA EXPIRED","Polish","Poland","Male","DATA EXPIRED"
"120","60edf5483b2dda2be578a530","60e744cb828b0b3d21466737","APPROVED","2021-07-13 20:19:26.278000","2021-07-13 20:26:37.347000",431.069,38,66,0,100,"2021-07-14 10:43:37.602000","89221FCB","Poland","United States","DATA EXPIRED","Polish","Poland","Female","DATA EXPIRED"
"121","60edf7d1402b07260f9370af","5eac66ab9334300f4c37121b","APPROVED","2021-07-13 20:30:14.266000","2021-07-13 20:37:55.229000",460.963,20,146,1,100,"2021-07-14 10:43:32.802000","89221FCB","Poland","Poland","Other","Polish","Poland","Female","Yes"
"122","60edfedb337b23df025d96f7","5f6774b0dba43c372f668320","APPROVED","2021-07-13 21:00:11.018000","2021-07-13 21:24:33.130000",1462.112,23,116,5,97,"2021-07-14 19:22:15.557000","89221FCB","Poland","Poland","Other","Polish","Poland","Male","Yes"
"123","60ee025a695a2b5a6a30f726","5eb3089b41a3810df6c8b078","APPROVED","2021-07-13 21:15:12.241000","2021-07-13 21:23:30.050000",497.809,20,177,2,99,"2021-07-14 10:43:24.284000","89221FCB","Poland","Poland","Unemployed (and job seeking)","Polish","Poland","Male","Yes"
"124","61363d03144b7a533845d41c","60eacd76a17fd05e1c5874ef","APPROVED","2021-09-06 16:08:38.413000","2021-09-06 16:17:42.046000",543.633,21,5,0,100,"2021-09-14 11:12:19.683000","89221FCB","Poland","Poland","Part-Time","Polish","Poland","Female","Yes"
"125","61363f4a8895d6099d592499","61336aa3494f26b27c63408f","APPROVED","2021-09-06 16:19:27.289000","2021-09-06 16:27:25.883000",478.594,19,60,1,100,"2021-09-14 11:13:01.655000","89221FCB","Poland","Poland","Not in paid work (e.g. homemaker', 'retired or disabled)","Polish","Poland","Male","Yes"
"126","61363f8bd838829ba29f2929","6130e6f71947d9db1884079b","APPROVED","2021-09-06 16:19:24.854000","2021-09-06 16:27:23.076000",478.222,18,52,1,100,"2021-09-14 11:12:59.983000","89221FCB","Poland","Poland","DATA EXPIRED","Polish","Poland","Female","Yes"
"127","61364004756f78bc046a4161","5f3a84149afb5d69102176af","RETURNED","2021-09-06 16:21:26.541000","",15281213.080016,45,53,1,99,"","","CONSENT REVOKED","CONSENT REVOKED","CONSENT REVOKED","CONSENT REVOKED","CONSENT REVOKED","CONSENT REVOKED","CONSENT REVOKED"
"128","613640284b12eb19601ebf88","6134902a837b6ebbc41e883b","APPROVED","2021-09-06 16:22:10.950000","2021-09-06 16:32:21.487000",610.537,18,61,0,100,"2021-09-14 11:12:17.147000","89221FCB","Poland","Poland","Not in paid work (e.g. homemaker', 'retired or disabled)","Polish","Poland","Female","Yes"
"129","613640b3a86264838f3ece4a","613483dc43dea21341c0a7d1","APPROVED","2021-09-06 16:24:20.883000","2021-09-06 16:33:55.787000",574.904,19,66,1,99,"2021-09-14 11:12:15.219000","89221FCB","Poland","Poland","Unemployed (and job seeking)","Polish","Poland","Male","Yes"
"130","613640d3159f4bfbb6812000","5ece5c9337ddf22014ae19a1","APPROVED","2021-09-06 16:26:17.770000","2021-09-06 16:33:32.073000",434.303,21,119,0,100,"2021-09-14 11:13:41.574000","89221FCB","Poland","Poland","Other","Polish","Poland","Male","Yes"
"131","613640e719d8bc86bb118776","6045f1a2c8759873bcbb64f1","RETURNED","2021-09-06 16:25:13.169000","",15280986.527934,20,40,0,100,"","","CONSENT REVOKED","CONSENT REVOKED","CONSENT REVOKED","CONSENT REVOKED","CONSENT REVOKED","CONSENT REVOKED","CONSENT REVOKED"
"132","61364117388ccbf94e9a8bb6","5fb240c0a9c3227c6c69d7ce","APPROVED","2021-09-06 16:27:15.221000","2021-09-06 16:37:39.186000",623.965,33,56,0,100,"2021-09-14 11:11:27.140000","89221FCB","Poland","Poland","Full-Time","Polish","Poland","Female","No"
"133","613641bd55f3acba28ae0f09","6134a727fc1e3f0ee23aab8a","APPROVED","2021-09-06 16:29:49.964000","2021-09-06 16:39:47.585000",597.621,19,46,1,100,"2021-09-14 11:11:25.055000","89221FCB","Poland","Poland","Unemployed (and job seeking)","Polish","Poland","Male","Yes"
"134","61364268e0b28d30957e71a7","6129099d13dfae11546b0a08","APPROVED","2021-09-06 16:31:44.534000","2021-09-06 16:39:11.666000",447.132,NA,22,1,99,"2021-09-14 11:13:43.951000","89221FCB","","","","","","",""
"135","613642701d92eebe71fdfde1","61338d61ed3f2e3d196fa7c7","RETURNED","2021-09-06 16:31:49.339000","",15280590.441962,30,76,0,100,"","","CONSENT REVOKED","CONSENT REVOKED","CONSENT REVOKED","CONSENT REVOKED","CONSENT REVOKED","CONSENT REVOKED","CONSENT REVOKED"
"136","613642a97f6abb8ea3ef9725","6133ba9a50d368581b0f82dc","APPROVED","2021-09-06 16:32:41.785000","2021-09-06 16:41:31.104000",529.319,18,54,1,98,"2021-09-14 11:11:21.413000","89221FCB","Poland","Poland","Part-Time","Polish","Poland","Male","Yes"
"137","613643102083be715f8ab22d","6135ddfe9b8038f518d581e6","RETURNED","2021-09-06 16:34:32.718000","",15280427.107664,28,26,0,100,"","","CONSENT REVOKED","CONSENT REVOKED","CONSENT REVOKED","CONSENT REVOKED","CONSENT REVOKED","CONSENT REVOKED","CONSENT REVOKED"
"138","61364344eafbd2b5e64dc57f","61322d6921be02effc0d15ca","APPROVED","2021-09-06 16:35:18.358000","2021-09-06 16:43:05.012000",466.654,20,31,2,95,"2021-09-14 11:13:18.501000","89221FCB","Poland","Poland","Unemployed (and job seeking)","Polish","Poland","Male","Yes"
"139","6136434b80892edfff659eee","5b92e784f0d8ee0001c1de58","APPROVED","2021-09-06 16:35:23.994000","2021-09-06 16:52:58.274000",1054.28,28,322,5,97,"2021-09-14 11:11:18.491000","89221FCB","Poland","Poland","Full-Time","Polish","Poland","Female","Yes"
"140","6136436209486be7c7d370d3","61311fd128819c143e3409f9","APPROVED","2021-09-06 16:37:00.317000","2021-09-06 16:46:31.178000",570.861,18,45,0,100,"2021-09-14 11:11:15.981000","89221FCB","Poland","Poland","Other","Polish","Poland","Male","Yes"
"141","61364409c2bb53a884574fb0","5e307a080551ae02939239f3","APPROVED","2021-09-06 16:38:37.771000","2021-09-06 16:48:33.356000",595.585,23,192,3,99,"2021-09-14 11:11:13.689000","89221FCB","Poland","Poland","Full-Time","Polish","Poland","Female","DATA EXPIRED"
"142","613644c602671ff57598ca0e","5ea1f1678d5c050ef0352d63","APPROVED","2021-09-06 16:41:45.111000","2021-09-06 16:48:19.037000",393.926,21,84,1,100,"2021-09-14 11:13:35.941000","89221FCB","Poland","Poland","Other","Polish","Poland","Male","Yes"
"143","613644e5aef603efabf2496f","61322447efdb668e0b2e4f21","APPROVED","2021-09-06 16:42:24.155000","2021-09-06 16:52:31.216000",607.061,18,81,1,100,"2021-09-14 11:11:06.054000","89221FCB","Poland","Poland","Other","Polish","Poland","Female","Yes"
"144","613644ee109bd3bfb4b3cb87","5fa28c80504cb3473dcdb276","APPROVED","2021-09-06 16:42:22.137000","2021-09-06 16:51:51.170000",569.033,19,106,0,100,"2021-09-14 11:11:09.130000","89221FCB","Poland","Poland","DATA EXPIRED","Polish","Poland","Male","DATA EXPIRED"
"145","613645142d43c647a7e0e170","61321f94cbe83380a7339b30","RETURNED","2021-09-06 16:43:02.197000","",15279917.758333,20,59,2,98,"","","CONSENT REVOKED","CONSENT REVOKED","CONSENT REVOKED","CONSENT REVOKED","CONSENT REVOKED","CONSENT REVOKED","CONSENT REVOKED"
"146","613645dd7372f3b324f90fa5","610bd865d3feccdf7de721b1","TIMED-OUT","2021-09-06 16:46:21.064000","",15279718.906153,19,17,0,100,"","","Poland","Poland","DATA EXPIRED","Polish","Poland","Male","DATA EXPIRED"
"147","613645e1b896fe60cbb8c53c","5ea1b3e8883b63080517aa0a","APPROVED","2021-09-06 16:47:08.504000","2021-09-06 16:59:46.737000",758.233,26,32,0,100,"2021-09-14 11:11:03.432000","89221FCB","Poland","Poland","Full-Time","Polish","Poland","Male","No"
"148","613645f2752b6216141e1fab","60ff15e1741753dfdfdb16f4","APPROVED","2021-09-06 16:46:42.074000","2021-09-06 16:55:29.554000",527.48,20,43,0,100,"2021-09-14 11:11:00.668000","89221FCB","Poland","Poland","Not in paid work (e.g. homemaker', 'retired or disabled)","Polish","Poland","Male","Yes"
"149","61364630d896bf30dc896a02","612f50c95ff7dace55cc3d9a","APPROVED","2021-09-06 16:48:26.560000","2021-09-06 16:56:24.353000",477.793,19,63,0,100,"2021-09-14 11:13:09.394000","89221FCB","Poland","Poland","Part-Time","Polish","Poland","Female","DATA EXPIRED"
"150","613646481beeac12e6ca3537","612a9328c5e8bd6c4813d6a1","APPROVED","2021-09-06 16:48:08.668000","2021-09-06 17:01:07.242000",778.574,19,41,0,100,"2021-09-14 11:10:58.780000","89221FCB","Poland","Poland","DATA EXPIRED","Polish","Poland","Male","DATA EXPIRED"
"151","61364648a672791ca4f96424","6129fb2e4876cc2bdc2d610e","RETURNED","2021-09-06 16:48:16.469000","",15279603.59729,18,2,0,100,"","","CONSENT REVOKED","CONSENT REVOKED","CONSENT REVOKED","CONSENT REVOKED","CONSENT REVOKED","CONSENT REVOKED","CONSENT REVOKED"
"152","61364649bdd662754a105c0f","612f638e6cac4627121d8d83","APPROVED","2021-09-06 16:48:16.420000","2021-09-06 16:56:21.718000",485.298,33,59,1,100,"2021-09-14 11:10:56.778000","89221FCB","Poland","Poland","DATA EXPIRED","Polish","Poland","Female","DATA EXPIRED"
"153","61364655e4798dbe44d83463","6100276b976b46d8b1c77a7c","APPROVED","2021-09-06 16:48:21.216000","2021-09-06 16:56:18.595000",477.379,22,13,0,100,"2021-09-14 11:13:03.311000","89221FCB","Poland","Poland","DATA EXPIRED","Polish","Poland","Female","DATA EXPIRED"
"154","6136466c51d75fcbdd4d5751","60186592a71d830e59d94ff1","APPROVED","2021-09-06 16:48:44.560000","2021-09-06 16:57:47.881000",543.321,20,24,0,100,"2021-09-14 11:10:54.146000","89221FCB","Poland","Poland","Not in paid work (e.g. homemaker', 'retired or disabled)","Polish","Poland","Male","Yes"
"155","61364682919e6abd16f68b50","6124fe0ef8d0188d927ad3c9","RETURNED","2021-09-06 16:49:17.207000","",15279542.930216,19,16,1,97,"","","CONSENT REVOKED","CONSENT REVOKED","CONSENT REVOKED","CONSENT REVOKED","CONSENT REVOKED","CONSENT REVOKED","CONSENT REVOKED"
"156","6136468867f6daee16fa44aa","5f3663dd7dda2100096d4a81","APPROVED","2021-09-06 16:49:12.378000","2021-09-06 16:57:34.993000",502.615,20,60,2,99,"2021-09-14 11:10:52.413000","89221FCB","Poland","Poland","DATA EXPIRED","Polish","Poland","Male","DATA EXPIRED"
"157","613647a2dea374fb95f15225","61225cb53059cd94c531cf8a","APPROVED","2021-09-06 16:53:54.141000","2021-09-06 17:01:28.354000",454.213,22,32,0,100,"2021-09-14 11:13:47.231000","89221FCB","Poland","Poland","DATA EXPIRED","Polish","Poland","Female","DATA EXPIRED"
"158","613647b4d2a81009e7113cf0","611f879574af93eef23bd90c","APPROVED","2021-09-06 17:00:49.094000","2021-09-06 17:08:58.146000",489.052,19,24,3,89,"2021-09-14 11:10:35.162000","89221FCB","Poland","Poland","DATA EXPIRED","Polish","Poland","Male","DATA EXPIRED"
"159","613647c08dc9cc2083db3b8a","5fbf63b9f1a66f21abe16adc","APPROVED","2021-09-06 16:54:24.446000","2021-09-06 17:01:17.437000",412.991,26,76,0,100,"2021-09-14 11:13:38.181000","89221FCB","Poland","Poland","DATA EXPIRED","Polish","Poland","Male","DATA EXPIRED"
"160","613647d3c8ac96ddda2569b8","5f75a0134876d0220582c22c","APPROVED","2021-09-06 16:54:43.513000","2021-09-06 17:01:43.731000",420.218,23,130,2,100,"2021-09-14 11:13:39.064000","89221FCB","Poland","Poland","Other","Polish","Poland","Male","DATA EXPIRED"
"161","6136481290a81c1cec060451","6129015eb884f1983f7b9323","APPROVED","2021-09-06 16:55:46.646000","2021-09-06 17:03:19.393000",452.747,20,21,1,98,"2021-09-14 11:13:45.330000","89221FCB","Poland","Poland","DATA EXPIRED","Polish","Poland","Male","DATA EXPIRED"
"162","613648656fcb7638eae1d1b6","5f4753badb130c000863883e","RETURNED","2021-09-06 17:08:00.062000","",15278420.212754,19,66,2,98,"","","CONSENT REVOKED","CONSENT REVOKED","CONSENT REVOKED","CONSENT REVOKED","CONSENT REVOKED","CONSENT REVOKED","CONSENT REVOKED"
"163","6136487ec82b3732f840295e","612f3f73f0f8086722abf5c5","APPROVED","2021-09-06 17:00:34.343000","2021-09-06 17:10:18.318000",583.975,19,24,1,99,"2021-09-14 11:10:37.410000","89221FCB","Poland","Poland","DATA EXPIRED","Polish","Poland","Male","DATA EXPIRED"
"164","61364894396bfa624c86f5d0","5f73780f67d2b10a79190b66","TIMED-OUT","2021-09-06 16:57:56.279000","",15279024.034221,22,57,0,100,"","","Poland","Poland","DATA EXPIRED","Polish","Poland","Male","DATA EXPIRED"
"165","613648d885dd041088272ed0","612fa292299eb78f1bc9a082","APPROVED","2021-09-06 17:04:29.630000","2021-09-06 17:15:58.991000",689.361,19,61,0,100,"2021-09-14 11:10:24.629000","89221FCB","Poland","Poland","Unemployed (and job seeking)","Polish","Poland","Female","No"
"166","613648dbb5fcd7529008ebf8","610838a0f1ffc75feae4bdc5","APPROVED","2021-09-06 16:59:45.179000","2021-09-06 17:08:56.821000",551.642,24,50,0,100,"2021-09-14 11:10:43.010000","89221FCB","Poland","Poland","Part-Time","Polish","Poland","Female","Yes"
"167","613648e66af6dae5800be57e","61057ef878bd36c2c0e5737b","APPROVED","2021-09-06 16:59:30.333000","2021-09-06 17:08:27.910000",537.577,22,50,0,100,"2021-09-14 11:10:46.693000","89221FCB","Poland","Poland","DATA EXPIRED","Polish","Poland","Female","DATA EXPIRED"
"168","61364901f39253c656d66bae","5f34450f7e8a1018defb8934","RETURNED","2021-09-06 16:59:45.170000","",15278915.223376,24,43,0,100,"","","CONSENT REVOKED","CONSENT REVOKED","CONSENT REVOKED","CONSENT REVOKED","CONSENT REVOKED","CONSENT REVOKED","CONSENT REVOKED"
"169","61364913abe485af986c3726","5e67be06787413064d677ef9","APPROVED","2021-09-06 17:00:03.358000","2021-09-06 17:07:56.791000",473.433,24,139,1,100,"2021-09-14 11:13:16.580000","89221FCB","Poland","Poland","Part-Time","Polish","Poland","Male","Yes"
"170","6136491b2ce1f9f5f929c7d9","61251a27ed3dc87e87657fdf","APPROVED","2021-09-06 17:00:11.017000","2021-09-06 17:12:06.074000",715.057,18,27,0,100,"2021-09-14 11:10:41.024000","89221FCB","Poland","Poland","DATA EXPIRED","Polish","Poland","Female","DATA EXPIRED"
"171","6136493191d3de7c0d887431","5e8a061b497d61038af39539","APPROVED","2021-09-06 17:01:51.576000","2021-09-06 17:10:46.622000",535.046,19,202,0,100,"2021-09-14 11:10:31.360000","89221FCB","Poland","Poland","Part-Time","Polish","Poland","Male","Yes"
"172","6136494fcf5877fe15755cb3","610926e613ebd1c7193829e9","APPROVED","2021-09-06 17:01:03.144000","2021-09-06 17:09:13.513000",490.369,19,24,1,97,"2021-09-14 11:10:33.182000","89221FCB","Poland","Poland","DATA EXPIRED","Polish","Poland","Female","DATA EXPIRED"
"173","61364958201ba7fed22d3cf7","5f073c1625a90f2f8cbc4a89","RETURNED","2021-09-06 17:01:12.705000","",15278827.79591,21,106,1,99,"","","CONSENT REVOKED","CONSENT REVOKED","CONSENT REVOKED","CONSENT REVOKED","CONSENT REVOKED","CONSENT REVOKED","CONSENT REVOKED"
"174","61364958c8aa96abf0bb02c6","61115c3a1e102dd290e754d6","APPROVED","2021-09-06 17:03:43.088000","2021-09-06 17:13:05.489000",562.401,19,35,0,100,"2021-09-14 11:10:26.598000","89221FCB","Poland","Poland","Other","Polish","Poland","Female","Yes"
"175","61364964df4faf6efb97ad6f","6128f7c06a0eba3378ffb1c3","APPROVED","2021-09-06 17:02:11.380000","2021-09-06 17:09:55.930000",464.55,31,96,2,99,"2021-09-14 11:13:24.892000","89221FCB","Poland","Poland","Full-Time","Polish","Poland","Female","No"
"176","613649832792e5453e0d4ee6","5bbeeb1b8f3bd70001e7a828","APPROVED","2021-09-06 17:01:55.750000","2021-09-06 17:10:14.433000",498.683,28,101,0,100,"2021-09-14 11:10:29.508000","89221FCB","Poland","Poland","Full-Time","Polish","Poland","Male","No"
"177","61364995e14d8e66ee13bb69","5fcfe4545aaa21191399943d","APPROVED","2021-09-06 17:03:15.496000","2021-09-06 17:10:52.572000",457.076,20,63,1,100,"2021-09-14 11:13:29.081000","89221FCB","Poland","Poland","Unemployed (and job seeking)","Polish","Poland","Female","Yes"
"178","61364a2413b57ae52a84b5d2","5f1ada2167c7af0009073176","APPROVED","2021-09-06 17:04:36.703000","2021-09-06 17:12:16.052000",459.349,24,120,0,100,"2021-09-14 11:13:26.487000","89221FCB","Poland","Poland","DATA EXPIRED","Polish","Poland","Male","DATA EXPIRED"
"179","61364a244f077ef677c6d4ba","5f7082bf1eac2964de164d15","APPROVED","2021-09-06 17:04:36.773000","2021-09-06 17:12:44.316000",487.543,27,64,0,100,"2021-09-14 11:10:21.669000","89221FCB","Poland","Poland","Full-Time","Polish","Poland","Female","No"
"180","61364ab5ed6b4378241100f1","612925cb1db806a28c226d41","APPROVED","2021-09-06 17:07:01.684000","2021-09-06 17:15:29.822000",508.138,23,59,1,100,"2021-09-14 11:10:19.108000","89221FCB","Poland","Poland","DATA EXPIRED","Polish","Poland","Female","DATA EXPIRED"
"181","61364abf0433ee40764f7195","6127536826b588a22030e76e","RETURNED","2021-09-06 17:07:14.978000","",15278465.659709,20,23,0,100,"","","CONSENT REVOKED","CONSENT REVOKED","CONSENT REVOKED","CONSENT REVOKED","CONSENT REVOKED","CONSENT REVOKED","CONSENT REVOKED"
"182","61364ac9bf35868b771a2cbb","5e7393671992802ef5c0f535","APPROVED","2021-09-06 17:08:54.328000","2021-09-06 17:17:44.460000",530.132,23,186,5,97,"2021-09-14 11:10:11.762000","89221FCB","Poland","Poland","Full-Time","Polish","Poland","Male","Yes"
"183","61364aeb2792e5453e0d4f0b","61328d336d94e35d3a59b526","APPROVED","2021-09-06 17:07:59.212000","2021-09-06 17:16:58.758000",539.546,30,55,1,100,"2021-09-14 11:10:16.398000","89221FCB","Poland","United Kingdom","DATA EXPIRED","Polish","Poland","Female","No"
"184","61364afd02b5e05d3d767199","601f191bd9466c45479d8264","RETURNED","2021-09-06 17:08:13.340000","",15278407.366348,20,49,1,100,"","","CONSENT REVOKED","CONSENT REVOKED","CONSENT REVOKED","CONSENT REVOKED","CONSENT REVOKED","CONSENT REVOKED","CONSENT REVOKED"
"185","61364b04f8f6798b581bffac","5d5440b03808390019b8df40","APPROVED","2021-09-06 17:08:20.517000","2021-09-06 17:17:33.053000",552.536,30,193,2,99,"2021-09-14 11:10:13.820000","89221FCB","Poland","Poland","DATA EXPIRED","Polish","Poland","Female","DATA EXPIRED"
"186","61364b3c0a158a48bbe3f2cc","5d4b34eef76ba30018751137","APPROVED","2021-09-06 17:12:53.851000","2021-09-06 17:23:56.780000",662.929,23,214,0,100,"2021-09-14 11:09:53.292000","89221FCB","Poland","Poland","DATA EXPIRED","Polish","Poland","Female","DATA EXPIRED"
"187","61364b3f78a35b3263f1e381","6135d819f5555fe9776deb7e","APPROVED","2021-09-06 17:10:39.178000","2021-09-06 17:18:34.451000",475.273,24,80,1,100,"2021-09-14 11:13:15.105000","89221FCB","Poland","Poland","Full-Time","DATA EXPIRED","Poland","Female","No"
"188","61364b4061bd2dc68166d04e","5f36623f389f370009a0be44","APPROVED","2021-09-06 17:09:23.336000","2021-09-06 17:17:00.621000",457.285,25,33,3,90,"2021-09-14 11:13:27.921000","89221FCB","Poland","Poland","DATA EXPIRED","Polish","Poland","Male","DATA EXPIRED"
"189","61364b599f7bf727510175b0","612f34a45efd99b1fedaff98","APPROVED","2021-09-06 17:09:48.898000","2021-09-06 17:19:54.908000",606.01,23,36,0,100,"2021-09-14 11:10:08.438000","89221FCB","Poland","Poland","DATA EXPIRED","Polish","Poland","Female","DATA EXPIRED"
"190","61364b8090fdc783839617cf","5f15aec1e584f420d64ed291","APPROVED","2021-09-06 17:10:24.435000","2021-09-06 17:26:53.782000",989.347,32,51,0,100,"2021-09-14 11:10:05.858000","89221FCB","Poland","Poland","DATA EXPIRED","Polish","Poland","Male","DATA EXPIRED"
"191","61364b96505dfd98d5068558","5f3976475344654ec13820aa","APPROVED","2021-09-06 17:10:46.747000","2021-09-06 17:17:56.507000",429.76,23,128,4,96,"2021-09-14 11:13:40.094000","89221FCB","Poland","Poland","Part-Time","Polish","Poland","Male","Yes"
"192","61364b9f698616b39da4ec10","5eb43dc9664e99274faade46","APPROVED","2021-09-06 17:11:27.974000","2021-09-06 17:19:02.760000",454.786,23,90,1,100,"2021-09-14 11:13:50.560000","89221FCB","Poland","Poland","Unemployed (and job seeking)","Polish","Poland","Female","Yes"
"193","61364bae1e7492055d541781","613229bba721180fd40080bc","APPROVED","2021-09-06 17:11:26.557000","2021-09-06 17:20:04.822000",518.265,20,12,0,100,"2021-09-14 11:10:02.189000","89221FCB","Poland","Poland","Part-Time","Polish","Poland","Female","Yes"
"194","61364bdda30f86cb5a625624","5fb9afe59151376740f3fa56","APPROVED","2021-09-06 17:11:57.708000","2021-09-06 17:24:38.369000",760.661,21,81,0,100,"2021-09-14 11:09:57.659000","89221FCB","Poland","Poland","DATA EXPIRED","Polish","Poland","Male","DATA EXPIRED"
"195","61364c0e07d48d63535b1026","5f2db49bdc868c0dacf98ab8","APPROVED","2021-09-06 17:13:49.813000","2021-09-06 17:22:20.087000",510.274,27,99,2,99,"2021-09-14 11:09:45.554000","89221FCB","Poland","Poland","DATA EXPIRED","Polish","Poland","Male","DATA EXPIRED"
"196","61364c22d8959eace78e17a2","60ab68a3591ef77e701bfbb4","APPROVED","2021-09-06 17:13:19.704000","2021-09-06 17:20:54.176000",454.472,19,34,1,100,"2021-09-14 11:09:50.682000","89221FCB","Poland","Poland","Other","Polish","Poland","Male","Yes"
"197","61364c3fc6378c2a35caa135","5f885bf60fdd0c2f49d2ca70","APPROVED","2021-09-06 17:13:42.563000","2021-09-06 17:23:51.727000",609.164,20,46,1,100,"2021-09-14 11:09:48.349000","89221FCB","Poland","Poland","DATA EXPIRED","Polish","Poland","Male","DATA EXPIRED"
"198","61364cb117092a4b5c27eba7","6033fdc84080ea000c633420","APPROVED","2021-09-06 17:15:32.839000","2021-09-06 17:24:42.555000",549.716,21,33,1,99,"2021-09-14 11:09:41.216000","89221FCB","Poland","Poland","Unemployed (and job seeking)","Polish","Poland","Male","Yes"
"199","61364cce22c5e699fb1f743d","612d4424c05bbeb681896f12","APPROVED","2021-09-06 17:15:58.529000","2021-09-06 17:24:12.700000",494.171,28,33,0,100,"2021-09-14 11:09:38.147000","89221FCB","Poland","Poland","DATA EXPIRED","Polish","Poland","Male","DATA EXPIRED"
"200","61364cd405d6a61e6afda5a5","6131532c91b1750f51a9cb0a","APPROVED","2021-09-06 17:16:06.777000","2021-09-06 17:30:53.223000",886.446,19,57,0,100,"2021-09-14 11:09:35.737000","89221FCB","Poland","Poland","DATA EXPIRED","Polish","Poland","Male","Yes"
"201","61364ceca9855f00b78c5ea9","6022f510c6f21e104b2cf527","APPROVED","2021-09-06 17:18:31.499000","2021-09-06 17:26:34.196000",482.697,24,31,0,100,"2021-09-14 11:09:19.408000","89221FCB","Poland","Poland","DATA EXPIRED","Polish","Poland","Female","DATA EXPIRED"
"202","61364d16f4218dcbf4a5b230","6017c9139ab598a3d61b6c64","APPROVED","2021-09-06 17:17:21.083000","2021-09-06 17:26:30.780000",549.697,20,65,1,99,"2021-09-14 11:09:31.094000","89221FCB","Poland","Poland","DATA EXPIRED","Polish","Poland","Male","DATA EXPIRED"
"203","61364d1b0a158a48bbe3f2dd","5faabf6892918949deab90e4","APPROVED","2021-09-06 17:17:15.662000","2021-09-06 17:26:41.448000",565.786,19,65,2,97,"2021-09-14 11:09:33.784000","89221FCB","Poland","Poland","DATA EXPIRED","Polish","Poland","Male","DATA EXPIRED"
"204","61364d2788b2c6f3edbd74ff","5f82f33bd9d68d41bb057fc9","APPROVED","2021-09-06 17:17:27.146000","2021-09-06 17:25:23.265000",476.119,20,165,1,100,"2021-09-14 11:13:13.591000","89221FCB","Poland","Poland","DATA EXPIRED","Polish","Poland","Male","DATA EXPIRED"
"205","61364d2b25c16d5903b25c3e","5ec54d65293dfe4dded54509","RETURNED","2021-09-06 17:17:52.094000","",15277828.978881,22,112,0,100,"","","CONSENT REVOKED","CONSENT REVOKED","CONSENT REVOKED","CONSENT REVOKED","CONSENT REVOKED","CONSENT REVOKED","CONSENT REVOKED"
"206","61364d3af038004ca3de417e","6019d1d736aef018625bb433","APPROVED","2021-09-06 17:19:14.564000","2021-09-06 17:27:28.157000",493.593,19,55,2,97,"2021-09-14 11:09:17.602000","89221FCB","Poland","Poland","DATA EXPIRED","Polish","Poland","Male","DATA EXPIRED"
"207","61364d3e092b5f02a9b8f88e","6131f7010e926c9103558040","APPROVED","2021-09-06 17:17:50.612000","2021-09-06 17:26:50.771000",540.159,24,50,0,100,"2021-09-14 11:09:24.931000","89221FCB","Poland","Poland","DATA EXPIRED","Polish","Poland","Male","No"
"208","61364d3f8e827b4666cb25f9","5ec62e3db9ee8900092eb997","APPROVED","2021-09-06 17:17:51.515000","2021-09-06 17:26:56.788000",545.273,19,133,2,99,"2021-09-14 11:09:23.259000","89221FCB","Poland","Poland","Unemployed (and job seeking)","Polish","Poland","Male","DATA EXPIRED"
"209","61364d4170302c9d1aa894cc","605b45d13c7c1d03b0acaa3a","APPROVED","2021-09-06 17:17:53.508000","2021-09-06 17:28:00.003000",606.495,19,34,0,100,"2021-09-14 11:09:21.099000","89221FCB","Poland","Poland","DATA EXPIRED","Polish","Poland","Male","DATA EXPIRED"
"210","61364d4d38b4eb575492f93f","5fdbd87651f3a90d40e390cd","RETURNED","2021-09-06 17:28:05.515000","",15277215.643034,27,38,0,100,"","","CONSENT REVOKED","CONSENT REVOKED","CONSENT REVOKED","CONSENT REVOKED","CONSENT REVOKED","CONSENT REVOKED","CONSENT REVOKED"
"211","61364d7cbf1dba42454202a8","6107d55f3aa95291f0ff52bd","APPROVED","2021-09-06 17:20:35.387000","2021-09-06 17:29:44.063000",548.676,21,64,0,100,"2021-09-14 11:09:08.634000","89221FCB","Poland","Poland","DATA EXPIRED","Polish","Poland","Female","DATA EXPIRED"
"212","61364da4ba8f13fa00e97c82","6123ba76985dceaee3138132","APPROVED","2021-09-06 17:19:35.259000","2021-09-06 17:30:04.472000",629.213,24,62,0,100,"2021-09-14 11:09:15.773000","89221FCB","Poland","Poland","Unemployed (and job seeking)","Polish","Poland","Female","Yes"
"213","61364dc5cfb4fac5241f550e","610189c7046d35da29ee57cf","APPROVED","2021-09-06 17:20:05.448000","2021-09-06 17:28:28.255000",502.807,22,22,0,100,"2021-09-14 11:09:13.940000","89221FCB","Poland","Poland","DATA EXPIRED","Polish","Poland","Male","DATA EXPIRED"
"214","61364dc91df16449a5127632","5fb1eae625a37f74fa1f4630","APPROVED","2021-09-06 17:20:09.110000","2021-09-06 17:26:55.412000",406.302,20,46,2,98,"2021-09-14 11:13:37.148000","89221FCB","Poland","Poland","DATA EXPIRED","Polish","Poland","Male","DATA EXPIRED"
"215","61364dd44e6282a111e55c8a","61119b339b1e084b96fa437c","APPROVED","2021-09-06 17:20:20.185000","2021-09-06 17:28:34.695000",494.51,24,53,1,100,"2021-09-14 11:09:10.939000","89221FCB","Poland","Poland","Part-Time","Polish","Poland","Male","No"
"216","61364dfd8aafcb39dd1cf942","6021d8939ca8fa279f82cd92","APPROVED","2021-09-06 17:21:20.323000","2021-09-06 17:29:05.148000",464.825,23,33,2,97,"2021-09-14 11:13:23.258000","89221FCB","Poland","Poland","DATA EXPIRED","Polish","Poland","Male","DATA EXPIRED"
"217","61364e0cef89c74b391a73d1","60ffede96075f470f71b6ce1","APPROVED","2021-09-06 17:21:16.264000","2021-09-06 17:31:52.067000",635.803,18,45,1,100,"2021-09-14 11:09:07.088000","89221FCB","Poland","Poland","DATA EXPIRED","Polish","Poland","Male","DATA EXPIRED"
"218","61364e5590fdc78383961807","61323841c9efa7918f8e078b","APPROVED","2021-09-06 17:22:34.169000","2021-09-06 17:37:32.569000",898.4,19,46,1,99,"2021-09-14 11:09:03.417000","89221FCB","Poland","Poland","Full-Time","Polish","Poland","Female","Yes"
"219","61364e58c9f13d16ed8a9f7c","5ea8093530fe1e200917c979","APPROVED","2021-09-06 17:22:32.669000","2021-09-06 17:30:32.107000",479.438,21,108,0,100,"2021-09-14 11:12:58.406000","89221FCB","Poland","Poland","Other","Polish","Poland","Male","Yes"
"220","61364e70133becc840ef5955","5fa7fa3f2d19825b4a9d8eea","APPROVED","2021-09-06 17:22:56.663000","2021-09-06 17:32:27.616000",570.953,21,94,1,100,"2021-09-14 11:09:01.331000","89221FCB","Poland","Poland","DATA EXPIRED","Polish","Poland","Female","DATA EXPIRED"
"221","61364e8bec0861deeaaa7597","5f19902fd2b95f025c1b0ff3","APPROVED","2021-09-06 17:23:23.180000","2021-09-06 17:38:04.301000",881.121,21,160,1,100,"2021-09-14 11:08:59.700000","89221FCB","Poland","Poland","DATA EXPIRED","Polish","Poland","Female","DATA EXPIRED"
"222","61364e9db14b6a14215aa390","5fae3c8cd65fe6291c614cce","APPROVED","2021-09-06 17:23:41.221000","2021-09-06 17:31:37.637000",476.416,23,117,1,100,"2021-09-14 11:13:11.512000","89221FCB","Poland","Poland","Not in paid work (e.g. homemaker', 'retired or disabled)","Polish","Poland","Male","Yes"
"223","61364ea54f5326e8eb02d46f","5eeca8d15ed7a304c006a793","APPROVED","2021-09-06 17:25:04.483000","2021-09-06 17:34:16.303000",551.82,23,79,0,100,"2021-09-14 11:08:48.631000","89221FCB","Poland","Poland","DATA EXPIRED","Polish","Poland","Male","Yes"
"224","61364eb0a30f86cb5a62563d","5fd4c05c5fb45325b36a293d","APPROVED","2021-09-06 17:24:00.669000","2021-09-06 17:39:12.621000",911.952,20,113,0,100,"2021-09-14 11:08:54.521000","89221FCB","Poland","Poland","Unemployed (and job seeking)","Polish","Poland","Male","Yes"
"225","61364ec46ce25e291b8fc175","5f5286c9fe322954c5256681","APPROVED","2021-09-06 17:24:20.285000","2021-09-06 17:42:50.817000",1110.532,20,85,1,100,"2021-09-14 11:08:52.829000","89221FCB","Poland","Poland","Unemployed (and job seeking)","Polish","Poland","Male","No"
"226","61364ef3a570bbd26f8b9186","5fd9e1d77215292fd745a186","APPROVED","2021-09-06 17:25:07.949000","2021-09-06 17:33:52.029000",524.08,20,64,2,99,"2021-09-14 11:08:46.389000","89221FCB","Poland","Poland","DATA EXPIRED","Polish","Poland","Male","DATA EXPIRED"
"227","61364ef89d6e90fa580113fa","5ee9f5692d6c99022bbfc18c","APPROVED","2021-09-06 17:25:12.782000","2021-09-06 17:35:16.924000",604.142,20,101,0,100,"2021-09-14 11:08:44.306000","89221FCB","Poland","DATA EXPIRED","DATA EXPIRED","Polish","Poland","Male","Yes"
"228","61364f01b67e018604436357","6059ccafffccc8edd37811ab","APPROVED","2021-09-06 17:26:29.384000","2021-09-06 17:36:05.554000",576.17,23,58,0,100,"2021-09-14 11:08:37.216000","89221FCB","Poland","Poland","Part-Time","Polish","Poland","Female","Yes"
"229","61364f03bcc54e4425680908","610a92950e32236c580f9a13","APPROVED","2021-09-06 17:25:41.151000","2021-09-06 17:33:03.312000",442.161,19,28,0,100,"2021-09-14 11:13:42.643000","89221FCB","Poland","Poland","DATA EXPIRED","Polish","Poland","Male","DATA EXPIRED"
"230","61364f06f3b89e3fcb9a46ad","60128b0e0f9e1d2e9eaa9b53","APPROVED","2021-09-06 17:25:26.890000","2021-09-06 17:33:29.781000",482.891,20,64,0,100,"2021-09-14 11:08:42.595000","89221FCB","Poland","Poland","DATA EXPIRED","Polish","Poland","Male","DATA EXPIRED"
"231","61364f1e227dc034fb0415c9","608bff7969659774244fac32","APPROVED","2021-09-06 17:27:37.963000","2021-09-06 17:35:40.806000",482.843,20,25,0,100,"2021-09-14 11:08:27.197000","89221FCB","Poland","Poland","Full-Time","Polish","Poland","Female","No"
"232","61364f26a1ac9a52a6adf62a","5fb6aaf022099a07e417eb4f","APPROVED","2021-09-06 17:26:19.027000","2021-09-06 17:36:39.756000",620.729,19,60,1,100,"2021-09-14 11:08:39.701000","89221FCB","Poland","Poland","DATA EXPIRED","Polish","Poland","Male","DATA EXPIRED"
"233","61364f482a420fe3b9d7fb66","6047a8d3410e81000af2e748","TIMED-OUT","2021-09-06 17:26:32.353000","",15277309.215929,25,51,1,98,"","","Poland","Poland","Full-Time","Polish","Poland","Male","No"
"234","61364f601edc5e1211a32de4","5cacc9cd0f757800019d0bac","APPROVED","2021-09-06 17:26:56.667000","2021-09-06 17:37:25.740000",629.073,21,113,1,100,"2021-09-14 11:08:34.586000","89221FCB","Poland","Poland","Part-Time","Polish","Poland","Male","DATA EXPIRED"
"235","61364f6bfea88cdca1d44254","611a9bc61a049ca1f42a873d","RETURNED","2021-09-06 17:27:07.833000","",15277273.767724,22,22,0,100,"","","CONSENT REVOKED","CONSENT REVOKED","CONSENT REVOKED","CONSENT REVOKED","CONSENT REVOKED","CONSENT REVOKED","CONSENT REVOKED"
"236","61364f7a621bf8ddf0e13580","5e6a1590d7a9eb000a1cca0e","APPROVED","2021-09-06 17:27:22.300000","2021-09-06 17:36:29.181000",546.881,20,136,0,100,"2021-09-14 11:08:29.550000","89221FCB","Poland","Poland","Part-Time","Polish","Poland","Male","DATA EXPIRED"
"237","61364fd8d9711dd070445ff1","5f2af95497e197484a72a6df","APPROVED","2021-09-06 17:38:16.225000","2021-09-06 17:46:49.369000",513.144,23,31,2,98,"2021-09-14 11:08:21.133000","89221FCB","Poland","Poland","DATA EXPIRED","Polish","Poland","Female","DATA EXPIRED"
"238","61364fe607d48d63535b1049","611bbb6d3c2df7826cf6316a","APPROVED","2021-09-06 17:29:21.037000","2021-09-06 17:37:29.933000",488.896,28,55,1,98,"2021-09-14 11:08:22.875000","89221FCB","Poland","Poland","Full-Time","Polish","Poland","Male","No"
"239","613653a614de2ce740161c7d","5eebf73b9d0a1a3a4520d168","APPROVED","2021-09-06 17:45:10.941000","2021-09-06 17:53:13.099000",482.158,29,117,2,99,"2021-09-14 11:08:08.842000","89221FCB","Poland","Poland","Full-Time","Polish","Poland","Female","No"
"240","6136572bb42225441635ef2e","5d1cfc4ee950480015366f7b","APPROVED","2021-09-06 18:00:20.260000","2021-09-06 18:06:14.161000",353.901,22,162,3,99,"2021-09-14 11:13:34.527000","89221FCB","Poland","Poland","Unemployed (and job seeking)","Polish","Poland","Female","Yes"
"241","61365c78fb916b0240a22fb4","60bf82f3c529f061fc50b33c","APPROVED","2021-09-06 18:22:48.180000","2021-09-06 18:33:01.528000",613.348,NA,33,0,100,"2021-09-14 11:08:03.132000","89221FCB","","","","","","",""
